{"cameraMode":{"drawMode":0,"name":"Shaded","section":"Shading Mode"},"sceneLighting":false,"audioPlay":false,"sceneViewState":{"showFog":true,"showMaterialUpdate":false,"showSkybox":false,"showFlares":true,"showImageEffects":true,"showParticleSystems":true},"in2DMode":false,"pivot":{"x":-2.9802322387695315e-8,"y":0.01937928795814514,"z":0.188382089138031},"rotation":{"x":-0.10275222361087799,"y":0.711588978767395,"z":-0.10645467042922974,"w":-0.6868418455123901},"size":0.1743234097957611,"orthographic":false}