{"cameraMode":{"drawMode":0,"name":"Shaded","section":"Shading Mode"},"sceneLighting":true,"audioPlay":false,"sceneViewState":{"showFog":true,"showMaterialUpdate":false,"showSkybox":true,"showFlares":true,"showImageEffects":true,"showParticleSystems":true},"in2DMode":false,"pivot":{"x":3.654844284057617,"y":0.7301559448242188,"z":-2.7529923915863039},"rotation":{"x":0.000552627956494689,"y":0.9758127927780151,"z":-0.21873269975185395,"w":0.0023342533968389036},"size":1.5073950290679932,"orthographic":false}