{"cameraMode":{"drawMode":0,"name":"Shaded","section":"Shading Mode"},"sceneLighting":true,"audioPlay":false,"sceneViewState":{"showFog":true,"showMaterialUpdate":false,"showSkybox":true,"showFlares":true,"showImageEffects":true,"showParticleSystems":true},"in2DMode":false,"pivot":{"x":-3.079780101776123,"y":0.23649269342422486,"z":3.5454156398773195},"rotation":{"x":-0.09693141281604767,"y":0.704337477684021,"z":-0.09804283827543259,"w":-0.6963546872138977},"size":1.7965621948242188,"orthographic":false}